{
    "name": "root",
    "gauges": {
        "DynamicShooter.Policy.Entropy.mean": {
            "value": 2.4838969707489014,
            "min": 2.4795007705688477,
            "max": 2.8844757080078125,
            "count": 7
        },
        "DynamicShooter.Environment.EpisodeLength.mean": {
            "value": 201.60714285714286,
            "min": 136.4,
            "max": 652.25,
            "count": 7
        },
        "DynamicShooter.Environment.LessonNumber.enemies.mean": {
            "value": 1.0,
            "min": 1.0,
            "max": 1.0,
            "count": 7
        },
        "DynamicShooter.Environment.LessonNumber.spawnRange.mean": {
            "value": 1.0,
            "min": 1.0,
            "max": 1.0,
            "count": 7
        },
        "DynamicShooter.Policy.ExtrinsicValueEstimate.mean": {
            "value": 0.0913282111287117,
            "min": -0.16238190233707428,
            "max": 0.0913282111287117,
            "count": 7
        },
        "DynamicShooter.Environment.CumulativeReward.mean": {
            "value": 0.6623448310741062,
            "min": -3.1125001087784767,
            "max": 0.6623448310741062,
            "count": 7
        },
        "DynamicShooter.Policy.ExtrinsicReward.mean": {
            "value": 0.6623448310741062,
            "min": -3.1125001087784767,
            "max": 0.6623448310741062,
            "count": 7
        },
        "DynamicShooter.Losses.ValueLoss.mean": {
            "value": 0.027585657313466072,
            "min": 0.00022423187328968197,
            "max": 0.0575016513466835,
            "count": 7
        },
        "DynamicShooter.Losses.PolicyLoss.mean": {
            "value": 0.5158228874206543,
            "min": 0.165204256772995,
            "max": 0.5158228874206543,
            "count": 7
        },
        "DynamicShooter.Policy.LearningRate.mean": {
            "value": 0.0029025329276919365,
            "min": 0.0029025329276919365,
            "max": 0.002991418819874525,
            "count": 7
        },
        "DynamicShooter.Policy.Epsilon.mean": {
            "value": 0.19675111770629883,
            "min": 0.19675111770629883,
            "max": 0.19971394538879395,
            "count": 7
        },
        "DynamicShooter.Policy.Beta.mean": {
            "value": 0.004837879911065102,
            "min": 0.004837879911065102,
            "max": 0.00498572550714016,
            "count": 7
        },
        "DynamicShooter.IsTraining.mean": {
            "value": 1.0,
            "min": 1.0,
            "max": 1.0,
            "count": 7
        }
    },
    "metadata": {
        "timer_format_version": "0.1.0",
        "start_time_seconds": "1602425632",
        "python_version": "3.6.12 |Anaconda, Inc.| (default, Sep  9 2020, 00:29:25) [MSC v.1916 64 bit (AMD64)]",
        "command_line_arguments": "D:\\ProgramData\\Anaconda3\\envs\\ml-agents\\Scripts\\mlagents-learn ./Config/Shooter.yaml --run-id=shooter-basic-4 --force --time-scale=1",
        "mlagents_version": "0.20.0",
        "mlagents_envs_version": "0.20.0",
        "communication_protocol_version": "1.1.0",
        "tensorflow_version": "2.3.1",
        "numpy_version": "1.19.2",
        "end_time_seconds": "1602425895"
    },
    "total": 262.3720512,
    "count": 1,
    "self": 0.06230709999999817,
    "children": {
        "run_training.setup": {
            "total": 0.016719599999999998,
            "count": 1,
            "self": 0.016719599999999998
        },
        "TrainerController.start_learning": {
            "total": 262.2930245,
            "count": 1,
            "self": 1.0573806000003287,
            "children": {
                "TrainerController._reset_env": {
                    "total": 22.4022365,
                    "count": 1,
                    "self": 22.4022365
                },
                "TrainerController.advance": {
                    "total": 236.72159059999967,
                    "count": 4504,
                    "self": 0.2655714000003968,
                    "children": {
                        "env_step": {
                            "total": 236.45601919999928,
                            "count": 4504,
                            "self": 183.06977530000023,
                            "children": {
                                "SubprocessEnvManager._take_step": {
                                    "total": 53.247208699999646,
                                    "count": 4504,
                                    "self": 0.4568165000002864,
                                    "children": {
                                        "TFPolicy.evaluate": {
                                            "total": 52.79039219999936,
                                            "count": 4504,
                                            "self": 52.79039219999936
                                        }
                                    }
                                },
                                "workers": {
                                    "total": 0.13903519999940883,
                                    "count": 4503,
                                    "self": 0.0,
                                    "children": {
                                        "worker_root": {
                                            "total": 244.11129140000054,
                                            "count": 4503,
                                            "is_parallel": true,
                                            "self": 108.97469250000032,
                                            "children": {
                                                "steps_from_proto": {
                                                    "total": 0.0008933,
                                                    "count": 1,
                                                    "is_parallel": true,
                                                    "self": 0.00035550000000000013,
                                                    "children": {
                                                        "_process_vector_observation": {
                                                            "total": 0.0005377999999999998,
                                                            "count": 4,
                                                            "is_parallel": true,
                                                            "self": 0.0005377999999999998
                                                        }
                                                    }
                                                },
                                                "UnityEnvironment.step": {
                                                    "total": 135.13570560000022,
                                                    "count": 4503,
                                                    "is_parallel": true,
                                                    "self": 1.2970103999998912,
                                                    "children": {
                                                        "UnityEnvironment._generate_step_input": {
                                                            "total": 1.3477624999984013,
                                                            "count": 4503,
                                                            "is_parallel": true,
                                                            "self": 1.3477624999984013
                                                        },
                                                        "communicator.exchange": {
                                                            "total": 127.06013980000128,
                                                            "count": 4503,
                                                            "is_parallel": true,