{
    "name": "root",
    "gauges": {
        "DynamicShooter.Policy.Entropy.mean": {
            "value": 1.7333651781082153,
            "min": 1.6797906160354614,
            "max": 2.887551784515381,
            "count": 189
        },
        "DynamicShooter.Environment.LessonNumber.speed.mean": {
            "value": 0.0,
            "min": 0.0,
            "max": 0.0,
            "count": 189
        },
        "DynamicShooter.Environment.LessonNumber.acceleration.mean": {
            "value": 0.0,
            "min": 0.0,
            "max": 0.0,
            "count": 189
        },
        "DynamicShooter.Policy.ExtrinsicValueEstimate.mean": {
            "value": -0.30422186851501465,
            "min": -0.9772312641143799,
            "max": -0.02183919958770275,
            "count": 189
        },
        "DynamicShooter.Policy.CuriosityValueEstimate.mean": {
            "value": 0.09792507439851761,
            "min": 0.01378620881587267,
            "max": 0.32676956057548523,
            "count": 189
        },
        "DynamicShooter.Environment.EpisodeLength.mean": {
            "value": 695.6666666666666,
            "min": 472.3,
            "max": 897.0,
            "count": 189
        },
        "DynamicShooter.Environment.CumulativeReward.mean": {
            "value": -2.3042859514909133,
            "min": -20.666375178843737,
            "max": 1.410374921746552,
            "count": 189
        },
        "DynamicShooter.Policy.ExtrinsicReward.mean": {
            "value": -2.3042859514909133,
            "min": -20.666375178843737,
            "max": 1.410374921746552,
            "count": 189
        },
        "DynamicShooter.Policy.CuriosityReward.mean": {
            "value": 0.8547632552550307,
            "min": 0.0,
            "max": 4.810887239128351,
            "count": 189
        },
        "DynamicShooter.Losses.ValueLoss.mean": {
            "value": 0.016639836132526398,
            "min": 0.010560345835983753,
            "max": 0.1197618618607521,
            "count": 189
        },
        "DynamicShooter.Losses.PolicyLoss.mean": {
            "value": 0.25367486476898193,
            "min": 0.13709713518619537,
            "max": 0.2964424192905426,
            "count": 189
        },
        "DynamicShooter.Policy.LearningRate.mean": {
            "value": 0.00017136607493739575,
            "min": 0.00017136607493739575,
            "max": 0.002987682120874524,
            "count": 189
        },
        "DynamicShooter.Policy.Epsilon.mean": {
            "value": 0.10571219772100449,
            "min": 0.10571219772100449,
            "max": 0.19958938658237457,
            "count": 189
        },
        "DynamicShooter.Policy.Beta.mean": {
            "value": 0.00029503871337510645,
            "min": 0.00029503871337510645,
            "max": 0.004979510325938463,
            "count": 189
        },
        "DynamicShooter.Losses.CuriosityForwardLoss.mean": {
            "value": 0.052662719041109085,
            "min": 0.007521768566220999,
            "max": 1.0554465055465698,
            "count": 189
        },
        "DynamicShooter.Losses.CuriosityInverseLoss.mean": {
            "value": 1.744792103767395,
            "min": 1.6563873291015625,
            "max": 2.8888416290283203,
            "count": 189
        },
        "DynamicShooter.IsTraining.mean": {
            "value": 1.0,
            "min": 1.0,
            "max": 1.0,
            "count": 189
        }
    },
    "metadata": {
        "timer_format_version": "0.1.0",
        "start_time_seconds": "1602400384",
        "python_version": "3.6.12 |Anaconda, Inc.| (default, Sep  9 2020, 00:29:25) [MSC v.1916 64 bit (AMD64)]",
        "command_line_arguments": "D:\\ProgramData\\Anaconda3\\envs\\ml-agents\\Scripts\\mlagents-learn ./Config/Shooter.yaml --run-id=dynamic-shooter-curiosity-2 --env=../../../Shoot-dem-agents",
        "mlagents_version": "0.20.0",
        "mlagents_envs_version": "0.20.0",
        "communication_protocol_version": "1.1.0",
        "tensorflow_version": "2.3.1",
        "numpy_version": "1.19.2",
        "end_time_seconds": "1602404629"
    },
    "total": 4244.6128309,
    "count": 1,
    "self": 0.05493239999941579,
    "children": {
        "run_training.setup": {
            "total": 0.349496,
            "count": 1,
            "self": 0.349496
        },
        "TrainerController.start_learning": {
            "total": 4244.2084025,
            "count": 1,
            "self": 11.170339100077399,
            "children": {
                "TrainerController._reset_env": {
                    "total": 32.1684446,
                    "count": 1,
                    "self": 32.1684446
                },
                "TrainerController.advance": {
                    "total": 4198.817866999923,
                    "count": 118547,
                    "self": 11.590476799929093,
                    "children": {
                        "env_step": {
                            "total": 4187.227390199994,
                            "count": 118547,
                            "self": 2692.7366378999523,
                            "children": {
                                "SubprocessEnvManager._take_step": {
                                    "total": 1490.2176953999706,
                                    "count": 118547,
                                    "self": 13.214263999967898,
                                    "children": {
                                        "TFPolicy.evaluate": {
                                            "total": 1477.0034314000027,
                                            "count": 118547,
                                            "self": 1477.0034314000027
                                        }
                                    }
                                },
                                "workers": {
                                    "total": 4.273056900071268,
                                    "count": 118547,
                                    "self": 0.0,
                                    "children": {
                                        "worker_root": {
                                            "total": 4213.48537689995,
                                            "count": 118547,
                                            "is_parallel": true,
                                            "self": 3190.899474299923,
                                            "children": {
                                                "steps_from_proto": {
                                                    "total": 0.0466985,
                                                    "count": 1,
                                                    "is_parallel": true,
                                                    "self": 0.001426699999999996,
                                                    "children": {
                                                        "_process_vector_observation": {
                                                            "total": 0.0452718,
                                                            "count": 2,
                                                            "is_parallel": true,
                                                            "self": 0.0452718
                                                        }
                                                    }
                                                },
                                                "UnityEnvironment.step": {
                                                    "total": 1022.5392041000271,
                                                    "count": 118547,
                                                    "is_parallel": true,
                                                    "self": 40.98567519998994,