{"count":1,"self":34.258121599999996,"total":67.019406899999993,"children":{"AgentSendState":{"count":2890,"self":0.2674223,"total":0.366122,"children":{"CollectObservations":{"count":5780,"self":0.0757637,"total":0.0757637,"children":null},"CollectDiscreteActionMasks":{"count":5780,"self":0.022935999999999998,"total":0.022935999999999998,"children":null}}},"DecideAction":{"count":2890,"self":31.5436032,"total":32.2154776,"children":{"RayPerceptionSensor.Perceive":{"count":5780,"self":0.67187299999999994,"total":0.67187299999999994,"children":null}}},"AgentAct":{"count":2890,"self":0.1766952,"total":0.1766952,"children":null}},"gauges":{"Predator.CumulativeReward":{"count":19,"max":2.91699839,"min":-1.95999122,"runningAverage":0.557684541,"value":0.8529999,"weightedAverage":0.580126941},"Shooter.CumulativeReward":{"count":19,"max":0.950000048,"min":-3.121992,"runningAverage":-0.979947448,"value":-1.082,"weightedAverage":-0.896544456}},"metadata":{"timer_format_version":"0.1.0","start_time_seconds":"1603802690","unity_version":"2019.4.11f1","command_line_arguments":"D:\\Program Files\\2019.4.11f1\\Editor\\Unity.exe -projectpath D:\/Unity\/ML-Agents-Try-1 -useHub -hubIPC -cloudEnvironment production -hubSessionId 7c67bce0-16e4-11eb-886c-f5c23532d507","communication_protocol_version":"1.0.0","com.unity.ml-agents_version":"1.0.5","scene_name":"PredatorVsShooter","end_time_seconds":"1603802757"}}