{
    "name": "root",
    "gauges": {
        "Predator.Policy.Entropy.mean": {
            "value": 1.0646330118179321,
            "min": 1.0091875791549683,
            "max": 2.1923279762268066,
            "count": 64
        },
        "Predator.Environment.EpisodeLength.mean": {
            "value": 421.8888888888889,
            "min": 82.1639344262295,
            "max": 999.0,
            "count": 60
        },
        "Predator.Environment.LessonNumber.speed.mean": {
            "value": 1.0,
            "min": 0.0,
            "max": 1.0,
            "count": 64
        },
        "Predator.Environment.LessonNumber.acceleration.mean": {
            "value": 1.0,
            "min": 0.0,
            "max": 1.0,
            "count": 64
        },
        "Predator.Environment.LessonNumber.enemies.mean": {
            "value": 3.0,
            "min": 0.0,
            "max": 3.0,
            "count": 64
        },
        "Predator.Environment.LessonNumber.spawnRange.mean": {
            "value": 3.0,
            "min": 0.0,
            "max": 3.0,
            "count": 64
        },
        "Predator.Policy.ExtrinsicValueEstimate.mean": {
            "value": 0.924877405166626,
            "min": -0.00039978945278562605,
            "max": 2.7938034534454346,
            "count": 64
        },
        "Predator.Environment.CumulativeReward.mean": {
            "value": 4.592166919261217,
            "min": -0.15825004409998655,
            "max": 4.937360832986773,
            "count": 62
        },
        "Predator.Policy.ExtrinsicReward.mean": {
            "value": 4.592166919261217,
            "min": -0.15825004409998655,
            "max": 4.937360832986773,
            "count": 62
        },
        "Predator.Losses.ValueLoss.mean": {
            "value": 0.028284508734941483,
            "min": 0.003672373481094837,
            "max": 0.5041885375976562,
            "count": 64
        },
        "Predator.Losses.PolicyLoss.mean": {
            "value": 0.3136920928955078,
            "min": 0.21883291006088257,
            "max": 0.8452959656715393,
            "count": 64
        },
        "Predator.Policy.LearningRate.mean": {
            "value": 0.002046814654022455,
            "min": 0.002046814654022455,
            "max": 0.002989772707223892,
            "count": 64
        },
        "Predator.Policy.Epsilon.mean": {
            "value": 0.16822713613510132,
            "min": 0.16822713613510132,
            "max": 0.1996590793132782,
            "count": 64
        },
        "Predator.Policy.Beta.mean": {
            "value": 0.0034145349636673927,
            "min": 0.0034145349636673927,
            "max": 0.004982989281415939,
            "count": 64
        },
        "Predator.IsTraining.mean": {
            "value": 1.0,
            "min": 1.0,
            "max": 1.0,
            "count": 64
        }
    },
    "metadata": {
        "timer_format_version": "0.1.0",
        "start_time_seconds": "1602745060",
        "python_version": "3.6.12 |Anaconda, Inc.| (default, Sep  9 2020, 00:29:25) [MSC v.1916 64 bit (AMD64)]",
        "command_line_arguments": "D:\\ProgramData\\Anaconda3\\envs\\ml-agents\\Scripts\\mlagents-learn .\\Config\\Predator.yaml --env=../../../Predator --run-id=predator-static-1 --force",
        "mlagents_version": "0.20.0",
        "mlagents_envs_version": "0.20.0",
        "communication_protocol_version": "1.1.0",
        "tensorflow_version": "2.3.1",
        "numpy_version": "1.19.2",
        "end_time_seconds": "1602746552"
    },
    "total": 1491.81705,
    "count": 1,
    "self": 0.06840590000001612,
    "children": {
        "run_training.setup": {
            "total": 0.30979229999999996,
            "count": 1,
            "self": 0.30979229999999996
        },
        "TrainerController.start_learning": {
            "total": 1491.4388518,
            "count": 1,
            "self": 4.520615900000848,
            "children": {
                "TrainerController._reset_env": {
                    "total": 25.573575800000103,
                    "count": 5,
                    "self": 25.573575800000103
                },
                "TrainerController.advance": {
                    "total": 1459.7653700999992,
                    "count": 35693,
                    "self": 4.4281385999850045,
                    "children": {
                        "env_step": {
                            "total": 1455.3372315000142,
                            "count": 35693,
                            "self": 1156.8546390000342,
                            "children": {
                                "SubprocessEnvManager._take_step": {
                                    "total": 297.3959488999872,
                                    "count": 35693,
                                    "self": 3.629721999980916,
                                    "children": {
                                        "TFPolicy.evaluate": {
                                            "total": 293.7662269000063,
                                            "count": 35693,
                                            "self": 293.7662269000063
                                        }
                                    }
                                },
                                "workers": {
                                    "total": 1.086643599992751,
                                    "count": 35693,
                                    "self": 0.0,
                                    "children": {
                                        "worker_root": {
                                            "total": 1469.555172900006,
                                            "count": 35693,
                                            "is_parallel": true,
                                            "self": 1272.9401526999945,
                                            "children": {
                                                "steps_from_proto": {
                                                    "total": 0.04671980000013906,
                                                    "count": 5,
                                                    "is_parallel": true,
                                                    "self": 0.0027168000001244266,
                                                    "children": {
                                                        "_process_vector_observation": {
                                                            "total": 0.044003000000014635,
                                                            "count": 10,
                                                            "is_parallel": true,
                                                            "self": 0.044003000000014635
                                                        }
                                                    }
                                                },
                                                "UnityEnvironment.step": {
                                                    "total": 196.56830040001142,
                                                    "count": 35693,
                                                    "is_parallel": true,
                                                    "self": 9.31831099999755,
                                                    "children": {
                                                        "UnityEnvironment._generate_step_input": {
                                                            "total": 10.657119499993339,
                                                            "count": 35693,
                                                            "is_parallel": true,
                                                            "self": 10.657119499993339
                                                        },