{
    "name": "root",
    "gauges": {
        "Predator.Policy.Entropy.mean": {
            "value": 0.6155006289482117,
            "min": 0.5354070663452148,
            "max": 2.192840099334717,
            "count": 200
        },
        "Predator.Environment.LessonNumber.speed.mean": {
            "value": 1.0,
            "min": 0.0,
            "max": 1.0,
            "count": 200
        },
        "Predator.Environment.LessonNumber.acceleration.mean": {
            "value": 1.0,
            "min": 0.0,
            "max": 1.0,
            "count": 200
        },
        "Predator.Environment.LessonNumber.enemies.mean": {
            "value": 0.0,
            "min": 0.0,
            "max": 0.0,
            "count": 200
        },
        "Predator.Environment.LessonNumber.spawnRange.mean": {
            "value": 0.0,
            "min": 0.0,
            "max": 0.0,
            "count": 200
        },
        "Predator.Policy.ExtrinsicValueEstimate.mean": {
            "value": 0.410258024930954,
            "min": 0.01845601387321949,
            "max": 0.44886717200279236,
            "count": 200
        },
        "Predator.Enemieshit.mean": {
            "value": 2.68,
            "min": 1.2,
            "max": 3.142857142857143,
            "count": 200
        },
        "Predator.Losses.ValueLoss.mean": {
            "value": 0.018527135252952576,
            "min": 0.004559187684208155,
            "max": 0.04207552224397659,
            "count": 200
        },
        "Predator.Losses.PolicyLoss.mean": {
            "value": 0.2979154586791992,
            "min": 0.17408707737922668,
            "max": 0.4080953598022461,
            "count": 200
        },
        "Predator.Policy.LearningRate.mean": {
            "value": 6.468068022513762e-06,
            "min": 6.468068022513762e-06,
            "max": 0.0029896325431764126,
            "count": 200
        },
        "Predator.Policy.Epsilon.mean": {
            "value": 0.10021558403968811,
            "min": 0.10021558403968811,
            "max": 0.19965441524982452,
            "count": 200
        },
        "Predator.Policy.Beta.mean": {
            "value": 2.0758383470820263e-05,
            "min": 2.0758383470820263e-05,
            "max": 0.004982754588127136,
            "count": 200
        },
        "Predator.IsTraining.mean": {
            "value": 1.0,
            "min": 1.0,
            "max": 1.0,
            "count": 200
        },
        "Predator.Environment.EpisodeLength.mean": {
            "value": 929.0,
            "min": 499.0,
            "max": 999.0,
            "count": 195
        },
        "Predator.Environment.CumulativeReward.mean": {
            "value": 2.9585716431694373,
            "min": -7.450580596923828e-09,
            "max": 4.614999920129776,
            "count": 196
        },
        "Predator.Policy.ExtrinsicReward.mean": {
            "value": 2.9585716431694373,
            "min": -7.450580596923828e-09,
            "max": 4.614999920129776,
            "count": 196
        }
    },
    "metadata": {
        "timer_format_version": "0.1.0",
        "start_time_seconds": "1602840087",
        "python_version": "3.6.12 |Anaconda, Inc.| (default, Sep  9 2020, 00:29:25) [MSC v.1916 64 bit (AMD64)]",
        "command_line_arguments": "D:\\ProgramData\\Anaconda3\\envs\\ml-agents\\Scripts\\mlagents-learn .\\Config\\Predator.yaml --env=../../../Build/Predator --run-id=predator-obstacles --force",
        "mlagents_version": "0.20.0",
        "mlagents_envs_version": "0.20.0",
        "communication_protocol_version": "1.1.0",
        "tensorflow_version": "2.3.1",
        "numpy_version": "1.19.2",
        "end_time_seconds": "1602844603"
    },
    "total": 4515.7422053,
    "count": 1,
    "self": 1.831518199999664,
    "children": {
        "run_training.setup": {
            "total": 0.0130953,
            "count": 1,
            "self": 0.0130953
        },
        "TrainerController.start_learning": {
            "total": 4513.897591800001,
            "count": 1,
            "self": 51.45989640005155,
            "children": {
                "TrainerController._reset_env": {
                    "total": 25.3818219,
                    "count": 1,
                    "self": 25.3818219
                },
                "TrainerController.advance": {
                    "total": 4435.683817099948,
                    "count": 111286,
                    "self": 16.223470499877294,
                    "children": {
                        "env_step": {
                            "total": 4419.460346600071,
                            "count": 111286,
                            "self": 3460.3560755000685,
                            "children": {
                                "SubprocessEnvManager._take_step": {
                                    "total": 955.618564400052,
                                    "count": 111286,
                                    "self": 11.85217419993728,
                                    "children": {
                                        "TFPolicy.evaluate": {
                                            "total": 943.7663902001148,
                                            "count": 111286,
                                            "self": 943.7663902001148
                                        }
                                    }
                                },
                                "workers": {
                                    "total": 3.4857066999502706,
                                    "count": 111286,
                                    "self": 0.0,
                                    "children": {
                                        "worker_root": {
                                            "total": 4491.897899800014,
                                            "count": 111286,
                                            "is_parallel": true,
                                            "self": 3788.501112600039,
                                            "children": {
                                                "steps_from_proto": {
                                                    "total": 0.0123474,
                                                    "count": 1,
                                                    "is_parallel": true,
                                                    "self": 0.00038359999999999957,
                                                    "children": {
                                                        "_process_vector_observation": {
                                                            "total": 0.0119638,
                                                            "count": 2,
                                                            "is_parallel": true,
                                                            "self": 0.0119638
                                                        }
                                                    }
                                                },
                                                "UnityEnvironment.step": {
                                                    "total": 703.384439799975,
                                                    "count": 111286,
                                                    "is_parallel": true,
                                                    "self": 31.137775500039083,
                                                    "children": {
                                                        "UnityEnvironment._generate_step_input": {
                                                            "total": 34.442450800022854,
                                                            "count": 111286,
                                                            "is_parallel": true,