{
    "name": "root",
    "gauges": {
        "Shooter.Policy.Entropy.mean": {
            "value": 1.4339780807495117,
            "min": 1.1745097637176514,
            "max": 2.8687093257904053,
            "count": 100
        },
        "Shooter.Environment.EpisodeLength.mean": {
            "value": 68.15789473684211,
            "min": 54.87116564417178,
            "max": 614.625,
            "count": 100
        },
        "Shooter.PredatorWin.mean": {
            "value": 1.0,
            "min": 1.0,
            "max": 1.0,
            "count": 99
        },
        "Shooter.ShooterWin.mean": {
            "value": 1.0,
            "min": 1.0,
            "max": 1.0,
            "count": 100
        },
        "Shooter.Environment.LessonNumber.speed.mean": {
            "value": 3.0,
            "min": 0.0,
            "max": 3.0,
            "count": 100
        },
        "Shooter.Environment.LessonNumber.acceleration.mean": {
            "value": 0.0,
            "min": 0.0,
            "max": 0.0,
            "count": 100
        },
        "Shooter.Environment.LessonNumber.enemies.mean": {
            "value": 0.0,
            "min": 0.0,
            "max": 0.0,
            "count": 100
        },
        "Shooter.Environment.LessonNumber.spawnRange.mean": {
            "value": 0.0,
            "min": 0.0,
            "max": 0.0,
            "count": 100
        },
        "Shooter.Policy.ExtrinsicValueEstimate.mean": {
            "value": -0.35543206334114075,
            "min": -0.43173566460609436,
            "max": 0.22762906551361084,
            "count": 100
        },
        "Shooter.Environment.CumulativeReward.mean": {
            "value": -0.27873724650074966,
            "min": -2.1103500612080097,
            "max": 0.6986744239233261,
            "count": 100
        },
        "Shooter.Policy.ExtrinsicReward.mean": {
            "value": -0.27873724650074966,
            "min": -2.1103500612080097,
            "max": 0.6986744239233261,
            "count": 100
        },
        "Shooter.Losses.ValueLoss.mean": {
            "value": 0.13347043097019196,
            "min": 0.012734767980873585,
            "max": 0.179657980799675,
            "count": 100
        },
        "Shooter.Losses.PolicyLoss.mean": {
            "value": 0.6332522630691528,
            "min": 0.2685992121696472,
            "max": 0.7655758857727051,
            "count": 100
        },
        "Shooter.Policy.LearningRate.mean": {
            "value": 1.5506100680795498e-05,
            "min": 1.5506100680795498e-05,
            "max": 0.0029852688312530518,
            "count": 100
        },
        "Shooter.Policy.Epsilon.mean": {
            "value": 0.10051687806844711,
            "min": 0.10051687806844711,
            "max": 0.19950895011425018,
            "count": 100
        },
        "Shooter.Policy.Beta.mean": {
            "value": 3.5791646951111034e-05,
            "min": 3.5791646951111034e-05,
            "max": 0.0049754963256418705,
            "count": 100
        },
        "Shooter.IsTraining.mean": {
            "value": 1.0,
            "min": 1.0,
            "max": 1.0,
            "count": 100
        },
        "Predator.Policy.Entropy.mean": {
            "value": 0.43368420004844666,
            "min": 0.43368420004844666,
            "max": 2.1904258728027344,
            "count": 100
        },
        "Predator.Environment.EpisodeLength.mean": {
            "value": 68.63945578231292,
            "min": 55.2,
            "max": 640.1739130434783,
            "count": 100
        },
        "Predator.PredatorWin.mean": {
            "value": 1.0,
            "min": 1.0,
            "max": 1.0,
            "count": 99
        },
        "Predator.ShooterWin.mean": {
            "value": 1.0,
            "min": 1.0,
            "max": 1.0,
            "count": 100
        },
        "Predator.Environment.LessonNumber.speed.mean": {
            "value": 3.0,
            "min": 0.0,
            "max": 3.0,
            "count": 100
        },
        "Predator.Environment.LessonNumber.acceleration.mean": {
            "value": 0.0,
            "min": 0.0,
            "max": 0.0,
            "count": 100
        },
        "Predator.Environment.LessonNumber.enemies.mean": {
            "value": 0.0,
            "min": 0.0,
            "max": 0.0,
            "count": 100
        },
        "Predator.Environment.LessonNumber.spawnRange.mean": {
            "value": 0.0,
            "min": 0.0,
            "max": 0.0,
            "count": 100
        },
        "Predator.Policy.ExtrinsicValueEstimate.mean": {
            "value": -0.33369821310043335,
            "min": -0.3886163830757141,
            "max": -0.025452127680182457,
            "count": 100
        },
        "Predator.Environment.CumulativeReward.mean": {
            "value": -0.026693444291170498,
            "min": -1.2639804368509966,
            "max": 0.19486548525025274,
            "count": 100
        },
        "Predator.Policy.ExtrinsicReward.mean": {
            "value": -0.026693444291170498,
            "min": -1.2639804368509966,
            "max": 0.19486548525025274,
            "count": 100
        },
        "Predator.Losses.ValueLoss.mean": {
            "value": 0.14482732117176056,
            "min": 0.005284939426928759,
            "max": 0.18693837523460388,
            "count": 100
        },
        "Predator.Losses.PolicyLoss.mean": {
            "value": 0.6960181593894958,
            "min": 0.24785098433494568,
            "max": 0.7822775840759277,
            "count": 100
        },
        "Predator.Policy.LearningRate.mean": {
            "value": 1.5555149730062112e-05,
            "min": 1.5555149730062112e-05,
            "max": 0.0029832276050001383,
            "count": 100
        },
        "Predator.Policy.Epsilon.mean": {
            "value": 0.10051850229501724,
            "min": 0.10051850229501724,
            "max": 0.19944091141223907,
            "count": 100
        },
        "Predator.Policy.Beta.mean": {
            "value": 3.587323226383887e-05,
            "min": 3.587323226383887e-05,
            "max": 0.004972102120518684,
            "count": 100
        },
        "Predator.IsTraining.mean": {
            "value": 1.0,
            "min": 1.0,
            "max": 1.0,
            "count": 100
        }
    },
    "metadata": {
        "timer_format_version": "0.1.0",
        "start_time_seconds": "1603703678",
        "python_version": "3.6.12 |Anaconda, Inc.| (default, Sep  9 2020, 00:29:25) [MSC v.1916 64 bit (AMD64)]",
        "command_line_arguments": "D:\\ProgramData\\Anaconda3\\envs\\ml-agents\\Scripts\\mlagents-learn ./Config/PvS.yaml --env=../../../Build/PredatorVsShooter --run-id=correct-tags-1",
        "mlagents_version": "0.20.0",
        "mlagents_envs_version": "0.20.0",
        "communication_protocol_version": "1.1.0",
        "tensorflow_version": "2.3.1",
        "numpy_version": "1.19.2",
        "end_time_seconds": "1603713656"
    },
    "total": 9978.5434264,
    "count": 1,
    "self": 4.632067200000165,
    "children": {
        "run_training.setup": {
            "total": 0.014274499999999999,
            "count": 1,
            "self": 0.014274499999999999
        },
        "TrainerController.start_learning": {
            "total": 9973.8970847,
            "count": 1,
            "self": 42.65309449994311,
            "children": {
                "TrainerController._reset_env": {
                    "total": 33.819512600000095,
                    "count": 3,
                    "self": 33.819512600000095
                },
                "TrainerController.advance": {
                    "total": 9894.187373100058,
                    "count": 62623,
                    "self": 8.000611900075455,
                    "children": {
                        "env_step": {
                            "total": 9886.186761199982,