{
    "name": "root",
    "gauges": {
        "DynamicShooter.Policy.Entropy.mean": {
            "value": 2.001108407974243,
            "min": 1.8553290367126465,
            "max": 2.8785452842712402,
            "count": 85
        },
        "DynamicShooter.Environment.EpisodeLength.mean": {
            "value": 822.0,
            "min": 244.0,
            "max": 994.75,
            "count": 85
        },
        "DynamicShooter.Environment.LessonNumber.speed.mean": {
            "value": 0.0,
            "min": 0.0,
            "max": 0.0,
            "count": 85
        },
        "DynamicShooter.Environment.LessonNumber.acceleration.mean": {
            "value": 0.0,
            "min": 0.0,
            "max": 0.0,
            "count": 85
        },
        "DynamicShooter.Policy.ExtrinsicValueEstimate.mean": {
            "value": -0.11718647927045822,
            "min": -0.6334048509597778,
            "max": 0.5622209906578064,
            "count": 85
        },
        "DynamicShooter.Policy.CuriosityValueEstimate.mean": {
            "value": 0.03732148930430412,
            "min": 0.004882149398326874,
            "max": 5.864844799041748,
            "count": 85
        },
        "DynamicShooter.Environment.CumulativeReward.mean": {
            "value": -1.159285757690668,
            "min": -4.723428462232862,
            "max": -0.05728573990719659,
            "count": 85
        },
        "DynamicShooter.Policy.ExtrinsicReward.mean": {
            "value": -1.1361000356929642,
            "min": -4.6289600772517066,
            "max": -0.0561399832367897,
            "count": 85
        },
        "DynamicShooter.Policy.CuriosityReward.mean": {
            "value": 0.22600167926533946,
            "min": 0.174756034364691,
            "max": 343.6031611646925,
            "count": 85
        },
        "DynamicShooter.Losses.ValueLoss.mean": {
            "value": 0.00374665018171072,
            "min": 0.00016568459977861494,
            "max": 36.922183990478516,
            "count": 85
        },
        "DynamicShooter.Losses.PolicyLoss.mean": {
            "value": 0.23674947023391724,
            "min": 0.2058267593383789,
            "max": 0.5581128597259521,
            "count": 85
        },
        "DynamicShooter.Policy.LearningRate.mean": {
            "value": 0.0017315492732450366,
            "min": 0.0017315492732450366,
            "max": 0.002990933135151863,
            "count": 85
        },
        "DynamicShooter.Policy.Epsilon.mean": {
            "value": 0.15771830081939697,
            "min": 0.15771830081939697,
            "max": 0.19969774782657623,
            "count": 85
        },
        "DynamicShooter.Policy.Beta.mean": {
            "value": 0.0028901430778205395,
            "min": 0.0028901430778205395,
            "max": 0.004984917584806681,
            "count": 85
        },
        "DynamicShooter.Losses.CuriosityForwardLoss.mean": {
            "value": 0.018355729058384895,
            "min": 0.00820863712579012,
            "max": 594.7066650390625,
            "count": 85
        },
        "DynamicShooter.Losses.CuriosityInverseLoss.mean": {
            "value": 1.9847898483276367,
            "min": 1.8649098873138428,
            "max": 3.521843910217285,
            "count": 85
        },
        "DynamicShooter.IsTraining.mean": {
            "value": 1.0,
            "min": 1.0,
            "max": 1.0,
            "count": 85
        }
    },
    "metadata": {
        "timer_format_version": "0.1.0",
        "start_time_seconds": "1602409056",
        "python_version": "3.6.12 |Anaconda, Inc.| (default, Sep  9 2020, 00:29:25) [MSC v.1916 64 bit (AMD64)]",
        "command_line_arguments": "D:\\ProgramData\\Anaconda3\\envs\\ml-agents\\Scripts\\mlagents-learn ./Config/Shooter.yaml --run-id=duel-curiosity-1 --env=../../../Shoot-dem-agents",
        "mlagents_version": "0.20.0",
        "mlagents_envs_version": "0.20.0",
        "communication_protocol_version": "1.1.0",
        "tensorflow_version": "2.3.1",
        "numpy_version": "1.19.2",
        "end_time_seconds": "1602411671"
    },
    "total": 2614.8664862,
    "count": 1,
    "self": 0.0580644000006032,
    "children": {
        "run_training.setup": {
            "total": 0.0142527,
            "count": 1,
            "self": 0.0142527
        },
        "TrainerController.start_learning": {
            "total": 2614.7941690999996,
            "count": 1,
            "self": 5.18675209998537,
            "children": {
                "TrainerController._reset_env": {
                    "total": 21.769599200000002,
                    "count": 1,
                    "self": 21.769599200000002
                },
                "TrainerController.advance": {
                    "total": 2585.2667807000144,
                    "count": 53438,
                    "self": 5.660405900020578,
                    "children": {
                        "env_step": {
                            "total": 2579.606374799994,
                            "count": 53438,
                            "self": 1934.4188273000248,
                            "children": {
                                "SubprocessEnvManager._take_step": {
                                    "total": 643.4719578999895,
                                    "count": 53438,
                                    "self": 5.415780499992252,
                                    "children": {
                                        "TFPolicy.evaluate": {
                                            "total": 638.0561773999973,
                                            "count": 53438,
                                            "self": 638.0561773999973
                                        }
                                    }
                                },
                                "workers": {
                                    "total": 1.7155895999794915,
                                    "count": 53438,
                                    "self": 0.0,
                                    "children": {
                                        "worker_root": {
                                            "total": 2585.174776499991,
                                            "count": 53438,
                                            "is_parallel": true,
                                            "self": 2196.462021200038,
                                            "children": {
                                                "steps_from_proto": {
                                                    "total": 0.0009178,
                                                    "count": 1,
                                                    "is_parallel": true,
                                                    "self": 0.0003351999999999998,
                                                    "children": {
                                                        "_process_vector_observation": {
                                                            "total": 0.0005826000000000002,
                                                            "count": 4,
                                                            "is_parallel": true,
                                                            "self": 0.0005826000000000002
                                                        }
                                                    }
                                                },
                                                "UnityEnvironment.step": {
                                                    "total": 388.71183749995294,
                                                    "count": 53438,
                                                    "is_parallel": true,
                                                    "self": 16.694997199918248,